lato,x_c,y_c,Cp,H,cf,Ue_Vinf,theta_c,dstar_c
dorso,0.03414,-0.02772,0.99217,2.23,0.001306,0.09321,0.000108,0.000241
dorso,0.02888,-0.02596,0.96166,2.2,0.003293,0.19784,9.5e-05,0.000208
dorso,0.02431,-0.02422,0.90293,2.22,0.005513,0.3127,8.7e-05,0.000193
dorso,0.02033,-0.0225,0.80951,2.193,0.008728,0.43711,8e-05,0.000174
dorso,0.01684,-0.02078,0.67131,2.198,0.012395,0.57366,7.3e-05,0.00016
dorso,0.01379,-0.01907,0.47717,2.186,0.017335,0.72321,6.7e-05,0.000146
dorso,0.0111,-0.01734,0.2129,2.188,0.023044,0.88721,6.2e-05,0.000135
dorso,0.00872,-0.0156,-0.14971,2.175,0.030974,1.07225,5.6e-05,0.000123
dorso,0.00664,-0.01382,-0.64861,2.172,0.040956,1.28413,5.1e-05,0.000111
dorso,0.00487,-0.012,-1.28691,2.184,0.051328,1.51273,4.8e-05,0.000104
dorso,0.0034,-0.01014,-2.04288,2.196,0.06147,1.74542,4.5e-05,9.9e-05
dorso,0.00222,-0.00825,-2.85096,2.221,0.068517,1.96419,4.4e-05,9.8e-05
dorso,0.00132,-0.00636,-3.70132,2.224,0.076593,2.171,4.4e-05,9.7e-05
dorso,0.00066,-0.0045,-4.59051,2.229,0.083792,2.3683,4.3e-05,9.6e-05
dorso,0.00024,-0.00266,-5.50035,2.236,0.089939,2.55474,4.3e-05,9.6e-05
dorso,2e-05,-0.00085,-6.38318,2.255,0.092836,2.72372,4.3e-05,9.8e-05
dorso,3e-05,0.00095,-7.0904,2.312,0.086537,2.85204,4.5e-05,0.000105
dorso,0.00026,0.00276,-7.46774,2.419,0.070209,2.91827,4.9e-05,0.000119
dorso,0.0007,0.00459,-7.60693,2.509,0.056321,2.94233,5.4e-05,0.000137
dorso,0.00137,0.00647,-7.57789,2.609,0.043419,2.93732,6.1e-05,0.000158
dorso,0.00227,0.00842,-7.41893,2.742,0.031087,2.90978,6.8e-05,0.000187
dorso,0.00344,0.01042,-7.14602,2.975,0.017992,2.8619,7.7e-05,0.00023
dorso,0.00488,0.01246,-6.81692,3.447,0.005066,2.8031,8.8e-05,0.000304
dorso,0.00661,0.01453,-6.55177,4.458,-0.003192,2.75484,9.8e-05,0.000435
dorso,0.00863,0.01662,-6.38546,5.987,-0.003725,2.72414,0.000105,0.000629
dorso,0.01096,0.01874,-6.29132,7.791,-0.003226,2.70661,0.000111,0.000861
dorso,0.01361,0.02091,-6.23003,9.584,-0.00297,2.69514,0.000115,0.001101
dorso,0.01667,0.02317,-6.182,11.207,-0.002802,2.68612,0.000119,0.001334
dorso,0.02021,0.02552,-6.1338,12.186,-0.002662,2.67704,0.000124,0.001509
dorso,0.0243,0.02799,-5.51135,7.338,-0.001418,2.55691,0.000208,0.001528
dorso,0.02903,0.03059,-4.4615,3.396,0.00108,2.34069,0.000398,0.001352
dorso,0.03453,0.03334,-3.89142,2.233,0.006518,2.21463,0.000521,0.001164
dorso,0.04092,0.03625,-3.59108,1.802,0.011987,2.1453,0.000599,0.00108
dorso,0.04834,0.03932,-3.35836,1.617,0.014975,2.09002,0.000673,0.001088
dorso,0.05687,0.04253,-3.14337,1.527,0.016007,2.03764,0.000754,0.001151
dorso,0.06656,0.04583,-2.9356,1.483,0.015867,1.98572,0.000846,0.001255
dorso,0.07736,0.04915,-2.741,1.462,0.015178,1.93586,0.000948,0.001386
dorso,0.08913,0.05243,-2.56174,1.453,0.014264,1.88877,0.001057,0.001537
dorso,0.10171,0.05559,-2.39993,1.451,0.013313,1.84525,0.001172,0.001702
dorso,0.11493,0.05858,-2.25302,1.454,0.012382,1.80484,0.001293,0.001879
dorso,0.12866,0.06137,-2.11892,1.459,0.011501,1.76715,0.001417,0.002068
dorso,0.14277,0.06394,-1.99776,1.467,0.010701,1.73241,0.001545,0.002266
dorso,0.15718,0.06631,-1.88917,1.474,0.009991,1.70067,0.001673,0.002467
dorso,0.17182,0.06844,-1.7862,1.484,0.009311,1.67002,0.001808,0.002683
dorso,0.18666,0.07037,-1.69282,1.493,0.008708,1.64174,0.001945,0.002903
dorso,0.20166,0.07208,-1.6038,1.504,0.008133,1.61432,0.002087,0.003139
dorso,0.2168,0.07359,-1.52143,1.515,0.007612,1.58853,0.002232,0.003381
dorso,0.23205,0.0749,-1.44207,1.527,0.007111,1.56329,0.002385,0.003642
dorso,0.2474,0.07602,-1.36682,1.54,0.006643,1.53898,0.002543,0.003917
dorso,0.26285,0.07696,-1.29498,1.555,0.006201,1.5154,0.002708,0.004209
dorso,0.27836,0.07773,-1.22551,1.57,0.005776,1.49225,0.002881,0.004523
dorso,0.29395,0.07831,-1.15769,1.587,0.005363,1.46931,0.003065,0.004866
dorso,0.30961,0.07873,-1.09141,1.607,0.00496,1.44653,0.003262,0.005241
dorso,0.32531,0.07899,-1.02776,1.628,0.004577,1.42432,0.003468,0.005646
dorso,0.34107,0.0791,-0.96451,1.653,0.004194,1.4019,0.003691,0.0061
dorso,0.35686,0.07905,-0.90283,1.68,0.003823,1.37969,0.00393,0.006604
dorso,0.37271,0.07885,-0.84201,1.712,0.003455,1.35743,0.004189,0.007172
dorso,0.38861,0.07851,-0.78222,1.749,0.003093,1.3352,0.00447,0.007818
dorso,0.40458,0.07802,-0.72345,1.793,0.002735,1.31297,0.004775,0.00856
dorso,0.42064,0.0774,-0.66642,1.843,0.002389,1.29105,0.005104,0.009408
dorso,0.43679,0.07668,-0.61268,1.9,0.002066,1.27004,0.00545,0.010354
dorso,0.45298,0.07586,-0.5618,1.965,0.001761,1.24983,0.005814,0.011426
dorso,0.46921,0.07494,-0.51438,2.04,0.001478,1.2307,0.006193,0.012631
dorso,0.48546,0.07393,-0.47054,2.126,0.001217,1.21274,0.006583,0.013993
dorso,0.50173,0.07282,-0.43058,2.226,0.000978,1.19614,0.006979,0.015532
dorso,0.51802,0.07163,-0.39503,2.341,0.000764,1.18117,0.00737,0.017255
dorso,0.53433,0.07035,-0.36414,2.475,0.000575,1.16801,0.007747,0.019175
dorso,0.55064,0.06899,-0.33831,2.63,0.000412,1.1569,0.008094,0.021286
dorso,0.56696,0.06755,-0.31757,2.81,0.00027,1.14789,0.0084,0.023605
dorso,0.5833,0.06603,-0.30213,3.018,0.000147,1.14114,0.008648,0.026104
dorso,0.59963,0.06443,-0.29487,3.277,3.2e-05,1.13796,0.008774,0.028748
dorso,0.61598,0.06276,-0.29254,3.575,1.2e-05,1.13693,0.008817,0.03152
dorso,0.63233,0.06102,-0.28868,3.872,-1e-06,1.13523,0.008893,0.034437
dorso,0.64868,0.0592,-0.28373,4.165,-1e-05,1.13305,0.008997,0.037475
dorso,0.66503,0.05731,-0.27825,4.456,-1.4e-05,1.13063,0.009119,0.04063
dorso,0.68139,0.05536,-0.27254,4.741,-1.7e-05,1.1281,0.009254,0.043877
dorso,0.69774,0.05334,-0.26673,5.022,-1.7e-05,1.12552,0.009401,0.04721
dorso,0.71409,0.05124,-0.26091,5.298,-1.7e-05,1.12293,0.009557,0.050632
dorso,0.73044,0.04909,-0.25512,5.567,-1.7e-05,1.12034,0.009722,0.054126
dorso,0.74678,0.04686,-0.24938,5.83,-1.6e-05,1.11778,0.009895,0.057692
dorso,0.76311,0.04458,-0.2437,6.087,-1.6e-05,1.11524,0.010076,0.061326
dorso,0.77944,0.04223,-0.23811,6.335,-1.5e-05,1.11272,0.010264,0.065025
dorso,0.79576,0.03981,-0.23259,6.576,-1.5e-05,1.11024,0.010459,0.068778
dorso,0.81207,0.03733,-0.22715,6.808,-1.4e-05,1.10779,0.010662,0.07259
dorso,0.82837,0.03479,-0.2218,7.032,-1.4e-05,1.10537,0.010872,0.076449
dorso,0.84465,0.03218,-0.21654,7.247,-1.3e-05,1.10299,0.011088,0.080357
dorso,0.86092,0.02952,-0.21137,7.453,-1.3e-05,1.10064,0.011311,0.084303
dorso,0.87715,0.02679,-0.20628,7.65,-1.3e-05,1.09833,0.011541,0.088285
dorso,0.89334,0.024,-0.20129,7.837,-1.2e-05,1.09605,0.011776,0.092289
dorso,0.90945,0.02116,-0.19641,8.015,-1.2e-05,1.09382,0.012016,0.096314
dorso,0.92541,0.01828,-0.19164,8.182,-1.2e-05,1.09164,0.012261,0.100315
dorso,0.94106,0.01539,-0.18704,8.337,-1.1e-05,1.08953,0.012507,0.104262
dorso,0.95614,0.01254,-0.18266,8.477,-1.1e-05,1.08752,0.012749,0.108076
dorso,0.97025,0.00982,-0.17863,8.6,-1.1e-05,1.08566,0.012981,0.111637
dorso,0.98289,0.00734,-0.17505,8.703,-1.1e-05,1.08401,0.013193,0.114819
dorso,0.99377,0.00517,-0.172,8.787,-1e-05,1.0826,0.013378,0.117546
dorso,1,0.00391,-0.17027,8.834,-1e-05,1.0818,0.013485,0.119128
ventre,0.04022,-0.02951,1.00086,2.23,5.4e-05,0.00389,0.000108,0.000241
ventre,0.04728,-0.0313,0.99203,2.233,0.001116,0.09396,0.000127,0.000283
ventre,0.05545,-0.0331,0.96981,2.245,0.001904,0.17611,0.000137,0.000307
ventre,0.06484,-0.03487,0.9375,2.258,0.002439,0.25152,0.00015,0.000339
ventre,0.07548,-0.03657,0.89856,2.265,0.002806,0.3196,0.000164,0.000372
ventre,0.08729,-0.03816,0.85599,2.275,0.003019,0.38033,0.000179,0.000407
ventre,0.10014,-0.03957,0.81311,2.287,0.003105,0.43298,0.000195,0.000446
ventre,0.11382,-0.0408,0.77085,2.29,0.003171,0.47923,0.00021,0.000482
ventre,0.12814,-0.04184,0.73111,2.303,0.003135,0.51899,0.000227,0.000522
ventre,0.14295,-0.04268,0.694,2.307,0.003113,0.55355,0.000242,0.000558
ventre,0.15813,-0.04333,0.66007,2.317,0.003038,0.58336,0.000258,0.000597
ventre,0.17359,-0.04381,0.62862,2.32,0.002991,0.60969,0.000273,0.000632
ventre,0.18926,-0.04414,0.60011,2.329,0.002903,0.63261,0.000288,0.00067
ventre,0.20511,-0.04432,0.57423,2.335,0.002823,0.65273,0.000303,0.000707
ventre,0.22112,-0.04438,0.54991,2.336,0.002774,0.67109,0.000317,0.000739
ventre,0.23725,-0.04432,0.52809,2.346,0.002679,0.68713,0.000331,0.000776
ventre,0.25348,-0.04417,0.50765,2.347,0.002623,0.70184,0.000344,0.000809
ventre,0.26981,-0.04392,0.48881,2.352,0.002555,0.71512,0.000358,0.000842
ventre,0.28622,-0.0436,0.47103,2.354,0.002504,0.72743,0.000371,0.000873
ventre,0.30272,-0.0432,0.45487,2.361,0.002431,0.73845,0.000384,0.000906
ventre,0.31928,-0.04274,0.43897,2.358,0.002403,0.74913,0.000396,0.000933
ventre,0.33589,-0.04224,0.42433,2.362,0.002347,0.75883,0.000408,0.000963
ventre,0.35256,-0.04168,0.41003,2.361,0.002316,0.76819,0.000419,0.000989
ventre,0.36926,-0.0411,0.39616,2.36,0.002289,0.77716,0.00043,0.001014
ventre,0.38597,-0.04048,0.38279,2.359,0.00226,0.78571,0.00044,0.001039
ventre,0.40268,-0.03984,0.36908,2.352,0.002261,0.79438,0.000449,0.001057
ventre,0.41935,-0.03917,0.35511,2.345,0.002271,0.80312,0.000457,0.001072
ventre,0.43601,-0.03845,0.34218,2.347,0.00224,0.81113,0.000466,0.001094
ventre,0.45267,-0.03769,0.33025,2.354,0.002196,0.81844,0.000476,0.00112
ventre,0.46935,-0.03689,0.31906,2.36,0.002153,0.82524,0.000485,0.001145
ventre,0.48605,-0.03605,0.30825,2.363,0.002121,0.83176,0.000494,0.001168
ventre,0.50277,-0.03517,0.29801,2.366,0.002087,0.8379,0.000504,0.001192
ventre,0.51951,-0.03427,0.28785,2.366,0.002066,0.84393,0.000512,0.001212
ventre,0.53628,-0.03333,0.27846,2.37,0.002031,0.84948,0.000522,0.001236
ventre,0.55307,-0.03237,0.26894,2.369,0.002015,0.85505,0.00053,0.001256
ventre,0.56986,-0.03138,0.25965,2.369,0.001998,0.86047,0.000538,0.001275
ventre,0.58668,-0.03038,0.25057,2.369,0.001982,0.86573,0.000546,0.001294
ventre,0.6035,-0.02935,0.24126,2.365,0.001978,0.87108,0.000554,0.001309
ventre,0.62032,-0.02831,0.23219,2.363,0.001968,0.87627,0.000561,0.001326
ventre,0.63716,-0.02725,0.22363,2.365,0.001947,0.88115,0.000569,0.001345
ventre,0.654,-0.02619,0.21435,2.359,0.001954,0.88639,0.000575,0.001356
ventre,0.67085,-0.02511,0.20521,2.356,0.001953,0.89153,0.000581,0.001369
ventre,0.68771,-0.02402,0.19606,2.353,0.001953,0.89665,0.000587,0.001382
ventre,0.70458,-0.02292,0.18688,2.349,0.001953,0.90175,0.000593,0.001394
ventre,0.72146,-0.02181,0.17738,2.344,0.001961,0.907,0.000598,0.001403
ventre,0.73833,-0.0207,0.16767,2.339,0.001972,0.91234,0.000603,0.001411
ventre,0.75517,-0.01958,0.1578,2.333,0.001984,0.91773,0.000608,0.001418
ventre,0.77199,-0.01846,0.14768,2.328,0.001999,0.92322,0.000612,0.001424
ventre,0.78879,-0.01733,0.13714,2.321,0.002019,0.92891,0.000615,0.001427
ventre,0.80559,-0.0162,0.1261,2.312,0.002046,0.93483,0.000618,0.001429
ventre,0.82241,-0.01506,0.11473,2.305,0.002072,0.94089,0.00062,0.00143
ventre,0.83925,-0.01391,0.1029,2.297,0.002102,0.94716,0.000622,0.00143
ventre,0.85608,-0.01277,0.08983,2.284,0.002153,0.95403,0.000623,0.001423
ventre,0.87288,-0.01161,0.0768,2.277,0.002187,0.96084,0.000624,0.001421
ventre,0.88964,-0.01045,0.06225,2.263,0.002249,0.96838,0.000623,0.00141
ventre,0.90631,-0.0093,0.04642,2.247,0.002323,0.97651,0.000621,0.001396
ventre,0.92287,-0.00814,0.02971,2.233,0.002398,0.98503,0.000619,0.001382
ventre,0.93914,-0.00699,0.01065,2.213,0.00251,0.99466,0.000614,0.001358
ventre,0.95482,-0.00587,-0.00978,2.192,0.002633,1.00488,0.000608,0.001332
ventre,0.96945,-0.00483,-0.03364,2.16,0.002824,1.01668,0.000598,0.001292
ventre,0.9825,-0.00389,-0.06008,2.124,0.003064,1.0296,0.000586,0.001244
ventre,0.99364,-0.00307,-0.09,2.08,0.003385,1.04403,0.000569,0.001184
ventre,1,-0.00261,-0.17027,1.886,0.005058,1.0818,0.000505,0.000953
