alpha,CL,CD,CM,xtr_dorso,xtr_ventre,bolla_dorso_inizio,bolla_dorso_fine,sep_TE_dorso,sep_lam_fino_TE_dorso,x_sep_dorso_primo,bolla_ventre_inizio,bolla_ventre_fine,sep_TE_ventre,H_max_dorso
-4,-0.2062,0.00983,-0.0579,0.9501,0.1666,0.81533,0.964371,,,0.81533,0.104342,0.158709,,5.375
-3.5,-0.1488,0.00928,-0.058,0.9352,0.2152,0.804187,0.946688,,,0.804187,,,,5.022
-3,-0.0942,0.0088,-0.0574,0.917,0.2717,0.790606,0.927085,,,0.790606,,,,4.757
-2.5,-0.0402,0.00835,-0.0567,0.8966,0.3365,0.775435,0.901218,,,0.775435,,,,4.518
-2,0.0137,0.00789,-0.0561,0.8734,0.4178,0.75814,0.878257,,,0.75814,,,,4.352
-1.5,0.067,0.00739,-0.0553,0.8474,0.5359,0.739208,0.847528,,,0.739208,,,,4.203
-1,0.1201,0.00699,-0.0543,0.8186,0.6547,0.717063,0.814684,,,0.717063,,,,4.09
-0.5,0.1724,0.00672,-0.053,0.7882,0.7597,0.692631,0.780522,,,0.692631,,,,4.012
0,0.2227,0.00657,-0.0509,0.7555,0.8555,0.663544,0.741998,,,0.663544,,,,3.959
0.5,0.2732,0.00662,-0.0487,0.7212,0.9304,0.630639,0.702228,,,0.630639,,,,3.932
1,0.3402,0.00682,-0.0505,0.6853,0.9739,0.592721,0.66503,,,0.592721,0.9257,0.977557,,3.926
1.5,0.4197,0.00711,-0.0554,0.6477,0.9937,0.549588,0.6247,,,0.549588,,,,3.935
2,0.4889,0.00735,-0.0584,0.6106,1,0.506255,0.592402,,,0.506255,,,,3.978
2.5,0.5377,0.00756,-0.057,0.5768,1,0.472821,0.56339,,,0.472821,,,,4.023
3,0.5872,0.00782,-0.0556,0.5444,1,0.44766,0.534496,,,0.44766,,,,4.046
3.5,0.6375,0.00812,-0.0544,0.5118,1,0.430099,0.501783,,,0.430099,,,,4.016
4,0.6888,0.00846,-0.0535,0.4781,1,0.419034,0.461701,,,0.419034,,,,3.913
4.5,0.7406,0.00884,-0.0526,0.4423,1,,,,,,,,,3.745
5,0.7924,0.00928,-0.0518,0.4022,1,,,,,,,,,3.534
5.5,0.8434,0.00983,-0.051,0.3526,1,,,,,,,,,3.387
6,0.8929,0.01055,-0.05,0.2958,1,,,,,,,,,3.303
6.5,0.9406,0.01147,-0.0488,0.2329,1,,,,,,,,,3.296
7,0.9865,0.01256,-0.0474,0.171,1,,,,,,,,,3.45
7.5,1.0314,0.01371,-0.0458,0.1204,1,,,,,,,,,3.801
8,1.0753,0.01489,-0.0441,0.0875,1,0.0395406,0.0843904,,,0.0395406,,,,4.368
8.5,1.1181,0.01608,-0.0421,0.0677,1,0.0274337,0.068186,,,0.0274337,,,,5.024
9,1.1594,0.01728,-0.04,0.0558,1,0.0212039,0.0577797,,,0.0212039,,,,5.77
9.5,1.1975,0.01861,-0.0373,0.0478,1,0.0167996,0.0495023,,,0.0167996,,,,6.5
10,1.2339,0.01992,-0.0345,0.0419,1,0.0139743,0.0433635,,,0.0139743,,,,6.974
10.5,1.2651,0.02133,-0.0309,0.0378,1,0.0118817,0.0416437,,,0.0118817,,,,7.631
11,1.2805,0.02342,-0.0251,0.0345,1,0.0105334,0.0363365,,,0.0105334,,,,8.24
11.5,1.3069,0.02507,-0.0214,0.0323,1,0.00959084,0.0357607,0.98289,,0.00959084,,,,8.859
12,1.3269,0.02725,-0.0176,0.0301,1,0.00860486,0.0341198,0.946087,,0.00860486,,,,9.003
12.5,1.3372,0.03042,-0.0136,0.0285,1,0.00819193,0.0313247,0.900244,,0.00819193,,,,9.661
13,1.3538,0.03336,-0.0109,0.0272,1,0.00776148,0.0308349,0.859112,,0.00776148,,,,10.284
13.5,1.3668,0.03682,-0.0087,0.0259,1,0.00730469,0.0301775,0.814399,,0.00730469,,,,10.639
14,1.3734,0.04114,-0.0069,0.0248,1,0.0067666,0.029207,0.767776,,0.0067666,,,,10.778
14.5,1.3759,0.0462,-0.0055,0.0239,1,0.00639685,0.0279056,0.723173,,0.00639685,,,,11.157
15,1.3805,0.05134,-0.0051,0.0231,1,0.00616178,0.0275507,0.676928,,0.00616178,,,,11.705
15.5,1.3807,0.05722,-0.0054,0.0224,1,0.0059413,0.026985,0.631072,,0.0059413,,,,12.186
16,1.3785,0.06373,-0.0063,0.0218,1,0.00570203,0.0263388,0.586269,,0.00570203,,,,12.518
16.5,1.374,0.07081,-0.0079,0.0212,1,0.00544782,0.0257442,0.544116,,0.00544782,,,,12.712
17,1.3662,0.07848,-0.0097,0.0206,1,0.00513807,0.0251261,0.507548,,0.00513807,,,,12.882
17.5,1.3481,0.08788,-0.0123,0.0201,1,0.00479762,0.0247876,0.47046,,0.00479762,,,,12.932
18,1.3287,0.09865,-0.0172,0.0198,1,0.00467648,0.0249313,0.421794,,0.00467648,,,,13.362
