conf,aoa,status,iter,CL_log,CL,CD,CDi,CDo,CMy,eta,x_tr,x_sep_first,x_sep_te,x_sep_full,frac_sep_up,frac_sep_full_up,frac_cfneg_up,sep_marker_frac_up,cl_sec
CS,0,0,91+123,0.18191,0.1827,0.0128,0.0008,0.012,-0.0943,0.4922,0.66486,0.804942,0.90441,0.916037,0.180979,0.0893309,0.0893309,0.180979,0.195666
CS,4,0,91+126,0.55148,0.5536,0.0196,0.0071,0.0125,-0.1897,0.4922,0.397943,0.492566,0.492566,0.84464,0.480772,0.142757,0.152282,0.480772,0.593749
CS,12,0,96+166,1.1529,1.2352,0.0537,0.0325,0.0212,-0.36,0.4922,0.0798553,0.0798553,0.0798553,0.397943,0.887658,0.583664,0.650117,0.887658,1.29185
CS,16,0,100+101+174,1.5165,1.1113,0.082,0.0543,0.0277,-0.3669,0.4922,0.0490375,0.0582408,0.0582408,0.0582408,0.922516,0.876409,0.921267,0.922516,1.12562
CS_Re22,0,0,91+123,0.18166,0.1824,0.0128,0.0008,0.012,-0.0942,0.4922,0.627804,0.804942,0.90441,0.916037,0.179422,0.0893309,0.0893309,0.179422,0.195243
CS_Re22,4,0,91+125,0.55238,0.5544,0.0192,0.0071,0.0121,-0.19,0.4922,0.397943,0.492566,0.492566,0.84464,0.470276,0.141093,0.143199,0.470276,0.59474
CS_Re22,12,0,96+165,1.1581,1.2375,0.0535,0.0327,0.0208,-0.361,0.4922,0.0684818,0.0798553,0.0798553,0.397943,0.893672,0.581553,0.631304,0.893672,1.2956
CS_Re22,16,0,100+101+174,1.5182,1.1121,0.0814,0.0544,0.027,-0.3675,0.4922,0.0490375,0.0490375,0.0490375,0.0490375,0.924628,0.871994,0.915659,0.924628,1.11129
CS_turb,0,0,91+113,0.17587,0.177,0.0194,0.0007,0.0187,-0.0911,0.4922,0.000229648,0.804942,0.90441,0.916037,0.181474,0.0893309,0.0893309,0.181474,0.189311
CS_turb,4,0,91+130,0.54043,0.5437,0.026,0.0069,0.0191,-0.1855,0.4922,0.000229648,0.492566,0.492566,0.84464,0.483783,0.144832,0.149662,0.483783,0.582411
CS_turb,12,0,96+167,1.1326,1.2242,0.0565,0.0311,0.0254,-0.3557,0.4922,0.000229648,0.0210616,0.0210616,0.356937,0.957268,0.585001,0.601497,0.957268,1.28186
CS_turb,16,0,100+101+171,1.5596,1.0791,0.0881,0.0568,0.0313,-0.3695,0.4922,0.000229648,0.0116026,0.0116026,0.0268569,0.968331,0.898965,0.902239,0.968331,1.08666
CS_lam,0,0,91+123,0.18191,0.1827,0.0128,0.0008,0.012,-0.0943,0.4922,0.66486,0.492566,0.90441,0.916037,0.222136,0.0893309,0.0893309,0.222136,0.195666
CS_lam,4,0,91+126,0.55148,0.5533,0.0196,0.0071,0.0125,-0.1895,0.4922,0.397943,0.319651,0.492566,0.84464,0.546884,0.150753,0.160212,0.546884,0.593749
CS_lam,12,0,96+166,1.1529,0.8728,0.0537,0.0325,0.0212,-0.3038,0.4922,0.0798553,0.0116026,0.0116026,0.0159784,0.966503,0.943829,0.944966,0.966503,0.963816
CS_lam,16,0,100+101+174,1.5165,0.971,0.082,0.0543,0.0277,-0.3547,0.4922,0.0490375,0.00788837,0.00788837,0.00788837,0.974059,0.962262,0.962359,0.974059,1.00097
DS,0,0,91+108,0.19058,0.1906,0.0129,0.0009,0.012,-0.0981,0.4922,0.66486,0.804942,0.90441,0.916037,0.180979,0.0893309,0.0893309,0.180979,0.204583
DS,4,0,91+108,0.57658,0.5766,0.0202,0.0077,0.0125,-0.1992,0.4922,0.397943,0.492566,0.492566,0.84464,0.480772,0.142757,0.152282,0.480772,0.619278
DS,12,0,96+115,1.3409,1.3132,0.0641,0.0415,0.0226,-0.3919,0.4922,0.0798553,0.0798553,0.0798553,0.397943,0.887658,0.583664,0.650117,0.887658,1.43229
DS,16,0,100+101+128,1.7145,1.1551,0.0972,0.0679,0.0293,-0.3922,0.4922,0.0490375,0.0582408,0.0582408,0.0582408,0.922516,0.876409,0.921267,0.922516,1.17669
CS_pdrag,0,0,91+123,0.18191,0.1827,0.0128,0.0008,0.012,-0.0943,0.4922,0.66486,0.804942,0.90441,0.916037,0.180979,0.0893309,0.0893309,0.180979,0.195666
CS_pdrag,4,0,91+126,0.55148,0.5536,0.0198,0.0073,0.0125,-0.1897,0.4922,0.397943,0.492566,0.492566,0.84464,0.480772,0.142757,0.152282,0.480772,0.593749
CS_pdrag,12,0,96+166,1.1529,1.2352,0.0589,0.0377,0.0212,-0.36,0.4922,0.0798553,0.0798553,0.0798553,0.397943,0.887658,0.583664,0.650117,0.887658,1.29185
CS_pdrag,16,0,100+101+174,1.5165,1.1113,0.1251,0.0974,0.0277,-0.3669,0.4922,0.0490375,0.0582408,0.0582408,0.0582408,0.922516,0.876409,0.921267,0.922516,1.12562
C,0,0,91+123,0.18191,0.1819,0.0128,0.0008,0.012,-0.0935,0.4922,0.66486,,,,0,0,0,0,0.194773
C,4,0,91+126,0.55148,0.5515,0.0196,0.0071,0.0125,-0.1877,0.4922,0.397943,,,,0,0,0.00477496,0,0.591045
C,12,0,96+166,1.1529,1.1529,0.0537,0.0325,0.0212,-0.3133,0.4922,0.0798553,,,,0,0,0.0529304,0,1.21827
C,16,0,100+101+174,1.5165,1.5165,0.082,0.0543,0.0277,-0.4097,0.4922,0.0490375,,,,0,0,0.042604,0,1.59317
D,0,0,91,0.19052,0.1905,0.0129,0.0009,0.012,-0.098,0.4922,0.66486,,,,0,0,0,0,0.204495
D,4,0,91,0.5767,0.5767,0.0202,0.0077,0.0125,-0.1993,0.4922,0.397943,,,,0,0,0.00477496,0,0.619187
D,12,0,96,1.3403,1.3403,0.0642,0.0416,0.0226,-0.4016,0.4922,0.0798553,,,,0,0,0.0529304,0,1.4399
D,16,0,100+101,1.7141,1.7141,0.0974,0.0681,0.0293,-0.4997,0.4922,0.0490375,,,,0,0,0.042604,0,1.84232
