famiglia,aoa,grandezza,coarse,medium,fine,diff_mf_pct,R,tipo,p,ext,gci,r21,r32
A,4.0,CL,0.57671,0.5767,0.57643,0.04684003261453992,27.000000000122125,divergente,8.026630873384725,0.5764193092906239,0.0023183017400257642,1.5024986832864184,1.497475591528302
A,4.0,CDi,0.0077514,0.0077252,0.0077369,-0.15122335819255653,-0.44656488549617057,oscillante,1.9914610550716212,0.00774626248809376,0.15126355668551286,1.5024986832864184,1.497475591528302
A,4.0,CDo,0.0112,0.0125,0.014,-10.714285714285712,1.1538461538461529,divergente,0.3298139636874,0.02443771745597993,93.19390585696372,1.5024986832864184,1.497475591528302
A,4.0,CMy,-0.1993,-0.1993,-0.1989,0.20110608345903042,,non determinabile (una differenza nulla),,,,1.5024986832864184,1.497475591528302
A,4.0,cl_sec_max,0.633586,0.63591,0.633317,0.4094316116573464,-1.1157487091221878,divergente,0.267857864399676,0.6108124762578451,4.44179686913397,1.5024986832864184,1.497475591528302
A,4.0,sep_frac_up_le,0.0,0.0,0.0,,,costante,,0.0,0.0,1.5024986832864184,1.497475591528302
A,4.0,x_sep_up,0.437404,0.397943,0.402331,-1.0906442705135828,-0.11119839841869188,oscillante,5.435201617415363,0.40286996309249995,0.1674501506533201,1.5024986832864184,1.497475591528302
A,12.0,CL,1.338,1.3403,1.3451,-0.35685079176268797,2.086956521739122,divergente,1.7785853812016206,1.34961593083838,0.41966497271391545,1.5024986832864184,1.497475591528302
A,12.0,CDi,0.041729,0.04156,0.04177,-0.5027531721331143,-1.2426035502958508,divergente,0.5310943588996995,0.04263999517582389,2.6035287761069403,1.5024986832864184,1.497475591528302
A,12.0,CDo,0.0206,0.0226,0.0238,-5.042016806722702,0.6000000000000021,monotona,1.2807081452570015,0.02555334048293051,9.208721023794697,1.5024986832864184,1.497475591528302
A,12.0,CMy,-0.4013,-0.4016,-0.403,-0.3473945409429311,4.666666666666358,divergente,3.744233573950709,-0.4033897189762539,0.12088057576111581,1.5024986832864184,1.497475591528302
A,12.0,cl_sec_max,1.47131,1.48228,1.48592,-0.24496608161945904,0.3318140382862185,monotona,2.7432735638259405,1.4876910577488096,0.14898663360157408,1.5024986832864184,1.497475591528302
A,12.0,sep_frac_up_le,0.0416872,0.0517124,0.056183,-7.957211256073898,0.4459362406735027,monotona,2.013273836109136,0.059703891475108795,7.833533887271944,1.5024986832864184,1.497475591528302
A,12.0,x_sep_up,0.0490538,0.0210616,0.00600878,250.5137482151119,0.5377505162152313,monotona,1.5510724765781962,-0.01108882118844069,355.67954702203883,1.5024986832864184,1.497475591528302
B,4.0,CL,0.57529,0.5767,0.58204,-0.9174627173390164,3.7872340425531394,divergente,3.2284881184107936,0.5840001303106372,0.4209612549475204,1.5027167116252218,1.497035739678153
B,4.0,CDi,0.0077732,0.0077252,0.0078173,-1.1781561408670447,-1.918749999999977,divergente,1.5903849772536012,0.007918377178386104,1.6162418351941024,1.5027167116252218,1.497035739678153
B,4.0,CDo,0.0119,0.0125,0.0128,-2.343749999999999,0.5,monotona,1.7338566047806256,0.013092344335832859,2.8549251546177623,1.5027167116252218,1.497035739678153
B,4.0,CMy,-0.1985,-0.1993,-0.2018,-1.2388503468780983,3.1250000000000218,divergente,2.759587700268541,-0.20300373952905423,0.7456265665598614,1.5027167116252218,1.497035739678153
B,4.0,cl_sec_max,0.629867,0.63591,0.6427,-1.0564804730045236,1.1236140989574799,divergente,0.26199021291498636,0.7030005575469991,11.727975250311047,1.5027167116252218,1.497035739678153
B,4.0,sep_frac_up_le,0.0,0.0,0.0,,,costante,,0.0,0.0,1.5027167116252218,1.497035739678153
B,4.0,x_sep_up,1.0,0.397943,0.398039,-0.024118239669978316,-0.00015945334079661057,oscillante,21.67045554569344,0.3980390141035144,4.429061738371514e-06,1.5027167116252218,1.497035739678153
B,12.0,CL,1.34,1.3403,1.3488,-0.630189798339261,28.333333333336295,divergente,8.132236147178201,1.3491214654163917,0.029791797930720832,1.5027167116252218,1.497035739678153
B,12.0,CDi,0.041903,0.04156,0.041848,-0.6882049321353554,-0.8396501457725977,oscillante,0.43130112061956094,0.043347763240734215,4.479793660193462,1.5027167116252218,1.497035739678153
B,12.0,CDo,0.0214,0.0226,0.0235,-3.8297872340425596,0.7500000000000014,monotona,0.7328767410710216,0.026087609282384572,13.763879161620103,1.5027167116252218,1.497035739678153
B,12.0,CMy,-0.4007,-0.4016,-0.4054,-0.9373458312777431,4.2222222222221335,divergente,3.4936864481882743,-0.40660669660560494,0.37206974765816886,1.5027167116252218,1.497035739678153
B,12.0,cl_sec_max,1.47493,1.48228,1.49431,-0.8050538375571323,1.6367346938775562,divergente,1.1808878035469128,1.5137885222750744,1.6293910128315445,1.5027167116252218,1.497035739678153
B,12.0,sep_frac_up_le,0.0426141,0.0517124,0.0578237,-10.568849796882592,0.6716969104118354,monotona,1.0050313646371103,0.06990616380794612,26.119186008388674,1.5027167116252218,1.497035739678153
B,12.0,x_sep_up,0.0262827,0.0210616,0.0148033,42.2763843197125,1.1986554557468734,divergente,0.41996021210405654,-0.018746580023040887,283.29730552512694,1.5027167116252218,1.497035739678153
